quarter,year,region,avg_sqm_price_real,n_transactions,yield_mortgage_bonds_pct,base_year_price,regional_index
1996Q1,1996,Bornholm,8520.5,54,7.8,8520.504074074073,100.0
1996Q2,1996,Bornholm,7140.4,55,7.8,8520.504074074073,83.8
1996Q3,1996,Bornholm,10904.0,61,7.8,8520.504074074073,127.97
1996Q4,1996,Bornholm,11702.2,56,7.8,8520.504074074073,137.34
1997Q1,1997,Bornholm,9181.7,47,7.2,8520.504074074073,107.76
1997Q2,1997,Bornholm,8911.4,60,7.2,8520.504074074073,104.59
1997Q3,1997,Bornholm,13136.0,75,7.2,8520.504074074073,154.17
1997Q4,1997,Bornholm,8381.7,45,7.2,8520.504074074073,98.37
1998Q1,1998,Bornholm,7893.6,51,6.3,8520.504074074073,92.64
1998Q2,1998,Bornholm,9009.2,66,6.3,8520.504074074073,105.74
1998Q3,1998,Bornholm,8591.7,56,6.3,8520.504074074073,100.84
1998Q4,1998,Bornholm,8122.1,51,6.3,8520.504074074073,95.32
1999Q1,1999,Bornholm,7734.8,54,6.6,8520.504074074073,90.78
1999Q2,1999,Bornholm,15019.8,73,6.6,8520.504074074073,176.28
1999Q3,1999,Bornholm,8772.1,66,6.6,8520.504074074073,102.95
1999Q4,1999,Bornholm,8685.4,53,6.6,8520.504074074073,101.94
2000Q1,2000,Bornholm,9223.6,55,7.3,8520.504074074073,108.25
2000Q2,2000,Bornholm,8718.5,79,7.3,8520.504074074073,102.32
2000Q3,2000,Bornholm,8248.6,70,7.3,8520.504074074073,96.81
2000Q4,2000,Bornholm,8890.6,59,7.3,8520.504074074073,104.34
2001Q1,2001,Bornholm,9278.7,71,7.0,8520.504074074073,108.9
2001Q2,2001,Bornholm,10518.0,86,7.0,8520.504074074073,123.44
2001Q3,2001,Bornholm,8570.0,75,7.0,8520.504074074073,100.58
2001Q4,2001,Bornholm,8536.2,56,7.0,8520.504074074073,100.18
2002Q1,2002,Bornholm,8482.4,66,6.7,8520.504074074073,99.55
2002Q2,2002,Bornholm,8437.3,82,6.7,8520.504074074073,99.02
2002Q3,2002,Bornholm,15220.8,90,6.7,8520.504074074073,178.64
2002Q4,2002,Bornholm,9307.2,64,6.7,8520.504074074073,109.23
2003Q1,2003,Bornholm,8904.3,77,5.1,8520.504074074073,104.5
2003Q2,2003,Bornholm,11963.5,102,5.1,8520.504074074073,140.41
2003Q3,2003,Bornholm,10735.0,100,5.1,8520.504074074073,125.99
2003Q4,2003,Bornholm,13168.0,86,5.1,8520.504074074073,154.55
2004Q1,2004,Bornholm,10504.9,90,5.3,8520.504074074073,123.29
2004Q2,2004,Bornholm,10273.8,88,5.3,8520.504074074073,120.58
2004Q3,2004,Bornholm,9615.5,56,5.3,8520.504074074073,112.85
2004Q4,2004,Bornholm,11064.5,82,5.3,8520.504074074073,129.86
2005Q1,2005,Bornholm,13844.9,91,4.4,8520.504074074073,162.49
2005Q2,2005,Bornholm,13311.6,131,4.4,8520.504074074073,156.23
2005Q3,2005,Bornholm,12217.5,137,4.4,8520.504074074073,143.39
2005Q4,2005,Bornholm,14309.1,112,4.4,8520.504074074073,167.94
2006Q1,2006,Bornholm,12373.8,113,5.1,8520.504074074073,145.22
2006Q2,2006,Bornholm,12447.2,124,5.1,8520.504074074073,146.09
2006Q3,2006,Bornholm,12587.7,112,5.1,8520.504074074073,147.73
2006Q4,2006,Bornholm,14930.1,111,5.1,8520.504074074073,175.23
2007Q1,2007,Bornholm,15882.4,135,5.7,8520.504074074073,186.4
2007Q2,2007,Bornholm,16302.8,122,5.7,8520.504074074073,191.34
2007Q3,2007,Bornholm,15824.7,114,5.7,8520.504074074073,185.72
2007Q4,2007,Bornholm,14045.2,89,5.7,8520.504074074073,164.84
2008Q1,2008,Bornholm,14281.2,81,6.5,8520.504074074073,167.61
2008Q2,2008,Bornholm,12967.6,104,6.5,8520.504074074073,152.19
2008Q3,2008,Bornholm,17045.8,89,6.5,8520.504074074073,200.06
2008Q4,2008,Bornholm,15417.1,62,6.5,8520.504074074073,180.94
2009Q1,2009,Bornholm,14646.6,41,5.5,8520.504074074073,171.9
2009Q2,2009,Bornholm,14412.2,66,5.5,8520.504074074073,169.15
2009Q3,2009,Bornholm,12918.8,79,5.5,8520.504074074073,151.62
2009Q4,2009,Bornholm,19376.0,85,5.5,8520.504074074073,227.4
2010Q1,2010,Bornholm,12756.2,65,4.5,8520.504074074073,149.71
2010Q2,2010,Bornholm,11828.2,118,4.5,8520.504074074073,138.82
2010Q3,2010,Bornholm,11319.1,117,4.5,8520.504074074073,132.85
2010Q4,2010,Bornholm,12383.8,84,4.5,8520.504074074073,145.34
2011Q1,2011,Bornholm,12820.8,74,4.8,8520.504074074073,150.47
2011Q2,2011,Bornholm,10173.4,75,4.8,8520.504074074073,119.4
2011Q3,2011,Bornholm,10347.0,98,4.8,8520.504074074073,121.44
2011Q4,2011,Bornholm,11349.8,61,4.8,8520.504074074073,133.21
2012Q1,2012,Bornholm,9124.4,53,3.7,8520.504074074073,107.09
2012Q2,2012,Bornholm,9530.5,80,3.7,8520.504074074073,111.85
2012Q3,2012,Bornholm,8702.6,67,3.7,8520.504074074073,102.14
2012Q4,2012,Bornholm,9480.0,69,3.7,8520.504074074073,111.26
2013Q1,2013,Bornholm,9809.0,73,3.5,8520.504074074073,115.12
2013Q2,2013,Bornholm,10571.9,79,3.5,8520.504074074073,124.08
2013Q3,2013,Bornholm,10406.6,106,3.5,8520.504074074073,122.14
2013Q4,2013,Bornholm,21978.6,103,3.5,8520.504074074073,257.95
2014Q1,2014,Bornholm,11402.5,109,3.1,8520.504074074073,133.82
2014Q2,2014,Bornholm,10988.1,101,3.1,8520.504074074073,128.96
2014Q3,2014,Bornholm,9956.8,113,3.1,8520.504074074073,116.86
2014Q4,2014,Bornholm,12127.5,100,3.1,8520.504074074073,142.33
2015Q1,2015,Bornholm,8409.0,106,2.8,8520.504074074073,98.69
2015Q2,2015,Bornholm,10809.6,124,2.8,8520.504074074073,126.87
2015Q3,2015,Bornholm,9899.3,117,2.8,8520.504074074073,116.18
2015Q4,2015,Bornholm,12087.2,98,2.8,8520.504074074073,141.86
2016Q1,2016,Bornholm,10936.8,95,2.6,8520.504074074073,128.36
2016Q2,2016,Bornholm,11208.3,138,2.6,8520.504074074073,131.55
2016Q3,2016,Bornholm,10582.5,152,2.6,8520.504074074073,124.2
2016Q4,2016,Bornholm,14400.0,101,2.6,8520.504074074073,169.0
2017Q3,2017,Bornholm,13680.8,206,2.3,8520.504074074073,160.56
2017Q4,2017,Bornholm,11063.0,212,2.3,8520.504074074073,129.84
2018Q1,2018,Bornholm,12457.7,142,2.1,8520.504074074073,146.21
2018Q2,2018,Bornholm,11663.9,175,2.1,8520.504074074073,136.89
2018Q3,2018,Bornholm,11177.8,222,2.1,8520.504074074073,131.19
2018Q4,2018,Bornholm,13477.3,212,2.1,8520.504074074073,158.17
2019Q1,2019,Bornholm,10932.4,180,1.4,8520.504074074073,128.31
2019Q2,2019,Bornholm,12692.8,243,1.4,8520.504074074073,148.97
2019Q3,2019,Bornholm,12253.1,249,1.4,8520.504074074073,143.81
2019Q4,2019,Bornholm,13258.3,213,1.4,8520.504074074073,155.6
2020Q1,2020,Bornholm,18492.2,233,1.1,8520.504074074073,217.03
2020Q2,2020,Bornholm,12151.5,265,1.1,8520.504074074073,142.61
2020Q3,2020,Bornholm,15879.4,312,1.1,8520.504074074073,186.37
2020Q4,2020,Bornholm,13786.3,313,1.1,8520.504074074073,161.8
2021Q1,2021,Bornholm,15270.0,309,1.5,8520.504074074073,179.21
2021Q2,2021,Bornholm,16945.5,333,1.5,8520.504074074073,198.88
2021Q3,2021,Bornholm,16065.2,271,1.5,8520.504074074073,188.55
2021Q4,2021,Bornholm,16809.0,231,1.5,8520.504074074073,197.28
2022Q1,2022,Bornholm,14614.8,234,3.7,8520.504074074073,171.52
2022Q2,2022,Bornholm,17508.8,231,3.7,8520.504074074073,205.49
2022Q3,2022,Bornholm,16688.4,268,3.7,8520.504074074073,195.86
2022Q4,2022,Bornholm,14629.1,152,3.7,8520.504074074073,171.69
2023Q1,2023,Bornholm,13808.6,206,4.8,8520.504074074073,162.06
2023Q2,2023,Bornholm,16066.7,213,4.8,8520.504074074073,188.57
2023Q3,2023,Bornholm,14609.4,197,4.8,8520.504074074073,171.46
2023Q4,2023,Bornholm,15652.5,264,4.8,8520.504074074073,183.7
2024Q1,2024,Bornholm,14363.0,190,4.3,8520.504074074073,168.57
2024Q2,2024,Bornholm,15495.0,246,4.3,8520.504074074073,181.85
2024Q3,2024,Bornholm,15303.3,197,4.3,8520.504074074073,179.61
2024Q4,2024,Bornholm,11986.4,8,,8520.504074074073,140.68
1992Q1,1992,Fyn & islands,19825.3,419,10.1,17024.67935334798,116.45
1992Q2,1992,Fyn & islands,9850.0,345,10.1,17024.67935334798,57.86
1992Q3,1992,Fyn & islands,23999.4,483,10.1,17024.67935334798,140.97
1992Q4,1992,Fyn & islands,14424.0,354,10.1,17024.67935334798,84.72
1993Q1,1993,Fyn & islands,12663.4,320,8.2,17024.67935334798,74.38
1993Q2,1993,Fyn & islands,10317.6,390,8.2,17024.67935334798,60.6
1993Q3,1993,Fyn & islands,11408.7,449,8.2,17024.67935334798,67.01
1993Q4,1993,Fyn & islands,14286.8,458,8.2,17024.67935334798,83.92
1994Q1,1994,Fyn & islands,12772.2,461,8.4,17024.67935334798,75.02
1994Q2,1994,Fyn & islands,11210.0,518,8.4,17024.67935334798,65.85
1994Q3,1994,Fyn & islands,13620.3,466,8.4,17024.67935334798,80.0
1994Q4,1994,Fyn & islands,10918.0,387,8.4,17024.67935334798,64.13
1995Q1,1995,Fyn & islands,8774.7,395,9.1,17024.67935334798,51.54
1995Q2,1995,Fyn & islands,15960.3,586,9.1,17024.67935334798,93.75
1995Q3,1995,Fyn & islands,9964.6,489,9.1,17024.67935334798,58.53
1995Q4,1995,Fyn & islands,17878.9,493,9.1,17024.67935334798,105.02
1996Q1,1996,Fyn & islands,11644.2,426,7.8,17024.67935334798,68.4
1996Q2,1996,Fyn & islands,11890.5,578,7.8,17024.67935334798,69.84
1996Q3,1996,Fyn & islands,12196.6,522,7.8,17024.67935334798,71.64
1996Q4,1996,Fyn & islands,13912.6,503,7.8,17024.67935334798,81.72
1997Q1,1997,Fyn & islands,12127.8,444,7.2,17024.67935334798,71.24
1997Q2,1997,Fyn & islands,11406.4,617,7.2,17024.67935334798,67.0
1997Q3,1997,Fyn & islands,13618.7,635,7.2,17024.67935334798,79.99
1997Q4,1997,Fyn & islands,12017.4,549,7.2,17024.67935334798,70.59
1998Q1,1998,Fyn & islands,11537.0,544,6.3,17024.67935334798,67.77
1998Q2,1998,Fyn & islands,13513.0,710,6.3,17024.67935334798,79.37
1998Q3,1998,Fyn & islands,19636.7,632,6.3,17024.67935334798,115.34
1998Q4,1998,Fyn & islands,16235.5,540,6.3,17024.67935334798,95.36
1999Q1,1999,Fyn & islands,11845.0,495,6.6,17024.67935334798,69.58
1999Q2,1999,Fyn & islands,13898.6,697,6.6,17024.67935334798,81.64
1999Q3,1999,Fyn & islands,13736.6,603,6.6,17024.67935334798,80.69
1999Q4,1999,Fyn & islands,15166.7,518,6.6,17024.67935334798,89.09
2000Q1,2000,Fyn & islands,25621.0,729,7.3,17024.67935334798,150.49
2000Q2,2000,Fyn & islands,18822.2,694,7.3,17024.67935334798,110.56
2000Q3,2000,Fyn & islands,13668.7,593,7.3,17024.67935334798,80.29
2000Q4,2000,Fyn & islands,16279.5,540,7.3,17024.67935334798,95.62
2001Q1,2001,Fyn & islands,13866.2,585,7.0,17024.67935334798,81.45
2001Q2,2001,Fyn & islands,15738.0,677,7.0,17024.67935334798,92.44
2001Q3,2001,Fyn & islands,12678.7,598,7.0,17024.67935334798,74.47
2001Q4,2001,Fyn & islands,15976.0,573,7.0,17024.67935334798,93.84
2002Q1,2002,Fyn & islands,14390.6,618,6.7,17024.67935334798,84.53
2002Q2,2002,Fyn & islands,14803.7,746,6.7,17024.67935334798,86.95
2002Q3,2002,Fyn & islands,17717.1,713,6.7,17024.67935334798,104.07
2002Q4,2002,Fyn & islands,18135.2,635,6.7,17024.67935334798,106.52
2003Q1,2003,Fyn & islands,18006.9,722,5.1,17024.67935334798,105.77
2003Q2,2003,Fyn & islands,19669.3,841,5.1,17024.67935334798,115.53
2003Q3,2003,Fyn & islands,20892.9,858,5.1,17024.67935334798,122.72
2003Q4,2003,Fyn & islands,15718.2,718,5.1,17024.67935334798,92.33
2004Q1,2004,Fyn & islands,17147.0,824,5.3,17024.67935334798,100.72
2004Q2,2004,Fyn & islands,20327.5,1041,5.3,17024.67935334798,119.4
2004Q3,2004,Fyn & islands,13610.7,539,5.3,17024.67935334798,79.95
2004Q4,2004,Fyn & islands,20920.6,872,5.3,17024.67935334798,122.88
2005Q1,2005,Fyn & islands,13990.4,853,4.4,17024.67935334798,82.18
2005Q2,2005,Fyn & islands,15888.5,1221,4.4,17024.67935334798,93.33
2005Q3,2005,Fyn & islands,19031.6,1017,4.4,17024.67935334798,111.79
2005Q4,2005,Fyn & islands,15943.7,1031,4.4,17024.67935334798,93.65
2006Q1,2006,Fyn & islands,17932.8,938,5.1,17024.67935334798,105.33
2006Q2,2006,Fyn & islands,20144.3,1194,5.1,17024.67935334798,118.32
2006Q3,2006,Fyn & islands,16559.0,924,5.1,17024.67935334798,97.26
2006Q4,2006,Fyn & islands,16974.4,963,5.1,17024.67935334798,99.7
2007Q1,2007,Fyn & islands,18771.9,966,5.7,17024.67935334798,110.26
2007Q2,2007,Fyn & islands,19315.0,1123,5.7,17024.67935334798,113.45
2007Q3,2007,Fyn & islands,18695.5,907,5.7,17024.67935334798,109.81
2007Q4,2007,Fyn & islands,21107.6,961,5.7,17024.67935334798,123.98
2008Q1,2008,Fyn & islands,18781.7,924,6.5,17024.67935334798,110.32
2008Q2,2008,Fyn & islands,18926.8,973,6.5,17024.67935334798,111.17
2008Q3,2008,Fyn & islands,17615.9,675,6.5,17024.67935334798,103.47
2008Q4,2008,Fyn & islands,20018.7,556,6.5,17024.67935334798,117.59
2009Q1,2009,Fyn & islands,17483.2,455,5.5,17024.67935334798,102.69
2009Q2,2009,Fyn & islands,18534.7,623,5.5,17024.67935334798,108.87
2009Q3,2009,Fyn & islands,16885.7,615,5.5,17024.67935334798,99.18
2009Q4,2009,Fyn & islands,16031.0,554,5.5,17024.67935334798,94.16
2010Q1,2010,Fyn & islands,17793.8,703,4.5,17024.67935334798,104.52
2010Q2,2010,Fyn & islands,16776.0,751,4.5,17024.67935334798,98.54
2010Q3,2010,Fyn & islands,15578.7,759,4.5,17024.67935334798,91.51
2010Q4,2010,Fyn & islands,15929.5,802,4.5,17024.67935334798,93.57
2011Q1,2011,Fyn & islands,16760.2,658,4.8,17024.67935334798,98.45
2011Q2,2011,Fyn & islands,14382.0,633,4.8,17024.67935334798,84.48
2011Q3,2011,Fyn & islands,15497.8,616,4.8,17024.67935334798,91.03
2011Q4,2011,Fyn & islands,17975.2,562,4.8,17024.67935334798,105.58
2012Q1,2012,Fyn & islands,14942.3,561,3.7,17024.67935334798,87.77
2012Q2,2012,Fyn & islands,17391.2,758,3.7,17024.67935334798,102.15
2012Q3,2012,Fyn & islands,14736.0,684,3.7,17024.67935334798,86.56
2012Q4,2012,Fyn & islands,14160.7,611,3.7,17024.67935334798,83.18
2013Q1,2013,Fyn & islands,16691.4,596,3.5,17024.67935334798,98.04
2013Q2,2013,Fyn & islands,17525.2,795,3.5,17024.67935334798,102.94
2013Q3,2013,Fyn & islands,15212.5,680,3.5,17024.67935334798,89.36
2013Q4,2013,Fyn & islands,15212.0,670,3.5,17024.67935334798,89.35
2014Q1,2014,Fyn & islands,16700.3,678,3.1,17024.67935334798,98.09
2014Q2,2014,Fyn & islands,17330.0,855,3.1,17024.67935334798,101.79
2014Q3,2014,Fyn & islands,14299.2,844,3.1,17024.67935334798,83.99
2014Q4,2014,Fyn & islands,17943.5,849,3.1,17024.67935334798,105.4
2015Q1,2015,Fyn & islands,15669.6,867,2.8,17024.67935334798,92.04
2015Q2,2015,Fyn & islands,16317.8,1140,2.8,17024.67935334798,95.85
2015Q3,2015,Fyn & islands,16543.0,1058,2.8,17024.67935334798,97.17
2015Q4,2015,Fyn & islands,17838.3,938,2.8,17024.67935334798,104.78
2016Q1,2016,Fyn & islands,16849.6,961,2.6,17024.67935334798,98.97
2016Q2,2016,Fyn & islands,16718.2,1223,2.6,17024.67935334798,98.2
2016Q3,2016,Fyn & islands,16469.8,1177,2.6,17024.67935334798,96.74
2016Q4,2016,Fyn & islands,15652.5,692,2.6,17024.67935334798,91.94
2017Q3,2017,Fyn & islands,16558.9,1299,2.3,17024.67935334798,97.26
2017Q4,2017,Fyn & islands,17054.6,1342,2.3,17024.67935334798,100.18
2018Q1,2018,Fyn & islands,16358.3,1316,2.1,17024.67935334798,96.09
2018Q2,2018,Fyn & islands,16735.3,1588,2.1,17024.67935334798,98.3
2018Q3,2018,Fyn & islands,17775.3,1518,2.1,17024.67935334798,104.41
2018Q4,2018,Fyn & islands,17819.6,1474,2.1,17024.67935334798,104.67
2019Q1,2019,Fyn & islands,17528.7,1454,1.4,17024.67935334798,102.96
2019Q2,2019,Fyn & islands,17493.7,1750,1.4,17024.67935334798,102.75
2019Q3,2019,Fyn & islands,17544.0,1778,1.4,17024.67935334798,103.05
2019Q4,2019,Fyn & islands,17445.0,1506,1.4,17024.67935334798,102.47
2020Q1,2020,Fyn & islands,17104.0,1566,1.1,17024.67935334798,100.47
2020Q2,2020,Fyn & islands,17551.8,1992,1.1,17024.67935334798,103.1
2020Q3,2020,Fyn & islands,17801.0,2097,1.1,17024.67935334798,104.56
2020Q4,2020,Fyn & islands,19004.3,2206,1.1,17024.67935334798,111.63
2021Q1,2021,Fyn & islands,18010.6,2581,1.5,17024.67935334798,105.79
2021Q2,2021,Fyn & islands,18860.8,2707,1.5,17024.67935334798,110.79
2021Q3,2021,Fyn & islands,19168.8,2182,1.5,17024.67935334798,112.59
2021Q4,2021,Fyn & islands,19628.6,1996,1.5,17024.67935334798,115.29
2022Q1,2022,Fyn & islands,17278.1,1944,3.7,17024.67935334798,101.49
2022Q2,2022,Fyn & islands,17882.6,2017,3.7,17024.67935334798,105.04
2022Q3,2022,Fyn & islands,16778.5,1584,3.7,17024.67935334798,98.55
2022Q4,2022,Fyn & islands,15780.7,1160,3.7,17024.67935334798,92.69
2023Q1,2023,Fyn & islands,15973.1,1469,4.8,17024.67935334798,93.82
2023Q2,2023,Fyn & islands,16248.8,1766,4.8,17024.67935334798,95.44
2023Q3,2023,Fyn & islands,16628.8,1351,4.8,17024.67935334798,97.67
2023Q4,2023,Fyn & islands,17098.6,1601,4.8,17024.67935334798,100.43
2024Q1,2024,Fyn & islands,16960.9,1634,4.3,17024.67935334798,99.63
2024Q2,2024,Fyn & islands,17392.8,1914,4.3,17024.67935334798,102.16
2024Q3,2024,Fyn & islands,16758.8,1373,4.3,17024.67935334798,98.44
2024Q4,2024,Fyn & islands,15451.7,73,,17024.67935334798,90.76
1992Q1,1992,Jutland,13054.2,1844,10.1,13051.493840750445,100.02
1992Q2,1992,Jutland,13505.3,2063,10.1,13051.493840750445,103.48
1992Q3,1992,Jutland,11430.8,1764,10.1,13051.493840750445,87.58
1992Q4,1992,Jutland,14215.7,1572,10.1,13051.493840750445,108.92
1993Q1,1993,Jutland,17187.1,1663,8.2,13051.493840750445,131.69
1993Q2,1993,Jutland,17012.0,2074,8.2,13051.493840750445,130.35
1993Q3,1993,Jutland,11451.9,2296,8.2,13051.493840750445,87.74
1993Q4,1993,Jutland,12417.8,2086,8.2,13051.493840750445,95.15
1994Q1,1994,Jutland,11757.9,2209,8.4,13051.493840750445,90.09
1994Q2,1994,Jutland,13390.9,2887,8.4,13051.493840750445,102.6
1994Q3,1994,Jutland,11694.1,2136,8.4,13051.493840750445,89.6
1994Q4,1994,Jutland,16872.0,2255,8.4,13051.493840750445,129.27
1995Q1,1995,Jutland,12292.7,2468,9.1,13051.493840750445,94.19
1995Q2,1995,Jutland,11194.2,2819,9.1,13051.493840750445,85.77
1995Q3,1995,Jutland,11274.4,2596,9.1,13051.493840750445,86.38
1995Q4,1995,Jutland,12620.6,2454,9.1,13051.493840750445,96.7
1996Q1,1996,Jutland,15665.8,2527,7.8,13051.493840750445,120.03
1996Q2,1996,Jutland,12254.2,3047,7.8,13051.493840750445,93.89
1996Q3,1996,Jutland,11406.0,2766,7.8,13051.493840750445,87.39
1996Q4,1996,Jutland,11810.4,2654,7.8,13051.493840750445,90.49
1997Q1,1997,Jutland,12154.7,2761,7.2,13051.493840750445,93.13
1997Q2,1997,Jutland,13296.7,3420,7.2,13051.493840750445,101.88
1997Q3,1997,Jutland,16950.1,3352,7.2,13051.493840750445,129.87
1997Q4,1997,Jutland,14701.5,2811,7.2,13051.493840750445,112.64
1998Q1,1998,Jutland,13042.3,3157,6.3,13051.493840750445,99.93
1998Q2,1998,Jutland,13842.5,3728,6.3,13051.493840750445,106.06
1998Q3,1998,Jutland,12892.1,2906,6.3,13051.493840750445,98.78
1998Q4,1998,Jutland,19979.3,2882,6.3,13051.493840750445,153.08
1999Q1,1999,Jutland,14389.5,3004,6.6,13051.493840750445,110.25
1999Q2,1999,Jutland,14240.1,3705,6.6,13051.493840750445,109.11
1999Q3,1999,Jutland,12856.4,3274,6.6,13051.493840750445,98.51
1999Q4,1999,Jutland,13761.8,2709,6.6,13051.493840750445,105.44
2000Q1,2000,Jutland,15215.4,2979,7.3,13051.493840750445,116.58
2000Q2,2000,Jutland,14330.1,3497,7.3,13051.493840750445,109.8
2000Q3,2000,Jutland,12975.5,3062,7.3,13051.493840750445,99.42
2000Q4,2000,Jutland,13736.7,2755,7.3,13051.493840750445,105.25
2001Q1,2001,Jutland,14586.4,3092,7.1,13051.493840750445,111.76
2001Q2,2001,Jutland,14266.1,3610,7.0,13051.493840750445,109.31
2001Q3,2001,Jutland,13265.5,3206,7.0,13051.493840750445,101.64
2001Q4,2001,Jutland,15584.7,3257,7.1,13051.493840750445,119.41
2002Q1,2002,Jutland,13267.7,3113,6.7,13051.493840750445,101.66
2002Q2,2002,Jutland,14099.5,3999,6.7,13051.493840750445,108.03
2002Q3,2002,Jutland,13149.0,3545,6.7,13051.493840750445,100.75
2002Q4,2002,Jutland,13553.0,3133,6.7,13051.493840750445,103.84
2003Q1,2003,Jutland,12890.8,3365,5.1,13051.493840750445,98.77
2003Q2,2003,Jutland,12972.6,4040,5.1,13051.493840750445,99.4
2003Q3,2003,Jutland,12622.0,3982,5.1,13051.493840750445,96.71
2003Q4,2003,Jutland,16228.1,4014,5.1,13051.493840750445,124.34
2004Q1,2004,Jutland,13422.5,4260,5.3,13051.493840750445,102.84
2004Q2,2004,Jutland,13549.2,4904,5.3,13051.493840750445,103.81
2004Q3,2004,Jutland,13523.8,2934,5.3,13051.493840750445,103.62
2004Q4,2004,Jutland,13781.6,4035,5.3,13051.493840750445,105.59
2005Q1,2005,Jutland,15574.0,4675,4.4,13051.493840750445,119.33
2005Q2,2005,Jutland,15264.6,6130,4.4,13051.493840750445,116.96
2005Q3,2005,Jutland,15148.5,5252,4.4,13051.493840750445,116.07
2005Q4,2005,Jutland,16663.8,5018,4.4,13051.493840750445,127.68
2006Q1,2006,Jutland,16297.8,5369,5.1,13051.493840750445,124.87
2006Q2,2006,Jutland,15737.4,5610,5.1,13051.493840750445,120.58
2006Q3,2006,Jutland,16591.6,4918,5.1,13051.493840750445,127.12
2006Q4,2006,Jutland,16830.1,4122,5.1,13051.493840750445,128.95
2007Q1,2007,Jutland,18735.8,5156,5.7,13051.493840750445,143.55
2007Q2,2007,Jutland,18101.0,6057,5.7,13051.493840750445,138.69
2007Q3,2007,Jutland,17254.9,5175,5.7,13051.493840750445,132.21
2007Q4,2007,Jutland,16889.0,4809,5.7,13051.493840750445,129.4
2008Q1,2008,Jutland,17450.8,4714,6.5,13051.493840750445,133.71
2008Q2,2008,Jutland,17771.2,5360,6.5,13051.493840750445,136.16
2008Q3,2008,Jutland,16301.0,3996,6.5,13051.493840750445,124.9
2008Q4,2008,Jutland,16939.1,2779,6.5,13051.493840750445,129.79
2009Q1,2009,Jutland,15440.5,2852,5.5,13051.493840750445,118.3
2009Q2,2009,Jutland,16245.8,3754,5.5,13051.493840750445,124.47
2009Q3,2009,Jutland,17085.2,3383,5.5,13051.493840750445,130.91
2009Q4,2009,Jutland,15960.4,3607,5.5,13051.493840750445,122.29
2010Q1,2010,Jutland,15851.0,3981,4.5,13051.493840750445,121.45
2010Q2,2010,Jutland,16508.1,4792,4.5,13051.493840750445,126.48
2010Q3,2010,Jutland,15903.3,4485,4.5,13051.493840750445,121.85
2010Q4,2010,Jutland,16192.1,4745,4.5,13051.493840750445,124.06
2011Q1,2011,Jutland,17222.7,3715,4.8,13051.493840750445,131.96
2011Q2,2011,Jutland,16926.9,4159,4.8,13051.493840750445,129.69
2011Q3,2011,Jutland,16541.0,3755,4.8,13051.493840750445,126.74
2011Q4,2011,Jutland,15212.4,3497,4.8,13051.493840750445,116.56
2012Q1,2012,Jutland,15377.6,3593,3.7,13051.493840750445,117.82
2012Q2,2012,Jutland,14388.0,4258,3.7,13051.493840750445,110.24
2012Q3,2012,Jutland,14655.6,4073,3.7,13051.493840750445,112.29
2012Q4,2012,Jutland,16067.6,3684,3.7,13051.493840750445,123.11
2013Q1,2013,Jutland,15730.7,3532,3.5,13051.493840750445,120.53
2013Q2,2013,Jutland,16416.9,4677,3.5,13051.493840750445,125.79
2013Q3,2013,Jutland,15065.5,4120,3.5,13051.493840750445,115.43
2013Q4,2013,Jutland,15713.6,3846,3.5,13051.493840750445,120.4
2014Q1,2014,Jutland,15703.8,3969,3.1,13051.493840750445,120.32
2014Q2,2014,Jutland,15137.8,4795,3.1,13051.493840750445,115.99
2014Q3,2014,Jutland,14758.7,4663,3.1,13051.493840750445,113.08
2014Q4,2014,Jutland,15691.1,4574,3.1,13051.493840750445,120.22
2015Q1,2015,Jutland,16399.5,5382,2.8,13051.493840750445,125.65
2015Q2,2015,Jutland,16534.8,6437,2.8,13051.493840750445,126.69
2015Q3,2015,Jutland,15578.0,5777,2.8,13051.493840750445,119.36
2015Q4,2015,Jutland,16404.2,5332,2.8,13051.493840750445,125.69
2016Q1,2016,Jutland,17007.0,5556,2.6,13051.493840750445,130.31
2016Q2,2016,Jutland,16654.0,7086,2.6,13051.493840750445,127.6
2016Q3,2016,Jutland,16873.6,6480,2.6,13051.493840750445,129.29
2016Q4,2016,Jutland,16742.6,4185,2.6,13051.493840750445,128.28
2017Q3,2017,Jutland,16895.5,7296,2.3,13051.493840750445,129.45
2017Q4,2017,Jutland,17367.4,7905,2.3,13051.493840750445,133.07
2018Q1,2018,Jutland,16902.2,7433,2.1,13051.493840750445,129.5
2018Q2,2018,Jutland,17418.3,9384,2.1,13051.493840750445,133.46
2018Q3,2018,Jutland,16706.3,8332,2.1,13051.493840750445,128.0
2018Q4,2018,Jutland,16679.3,8015,2.1,13051.493840750445,127.8
2019Q1,2019,Jutland,16821.2,8434,1.4,13051.493840750445,128.88
2019Q2,2019,Jutland,17312.6,10008,1.4,13051.493840750445,132.65
2019Q3,2019,Jutland,18147.9,9688,1.4,13051.493840750445,139.05
2019Q4,2019,Jutland,17622.6,8557,1.4,13051.493840750445,135.02
2020Q1,2020,Jutland,18236.7,9268,1.1,13051.493840750445,139.73
2020Q2,2020,Jutland,17033.4,11657,1.1,13051.493840750445,130.51
2020Q3,2020,Jutland,18040.9,12387,1.1,13051.493840750445,138.23
2020Q4,2020,Jutland,19427.9,12884,1.1,13051.493840750445,148.86
2021Q1,2021,Jutland,18673.1,15636,1.5,13051.493840750445,143.07
2021Q2,2021,Jutland,19173.7,15534,1.5,13051.493840750445,146.91
2021Q3,2021,Jutland,18627.2,11787,1.5,13051.493840750445,142.72
2021Q4,2021,Jutland,19491.6,10736,1.5,13051.493840750445,149.34
2022Q1,2022,Jutland,17826.0,11263,3.7,13051.493840750445,136.58
2022Q2,2022,Jutland,17658.6,10877,3.7,13051.493840750445,135.3
2022Q3,2022,Jutland,16564.7,8548,3.7,13051.493840750445,126.92
2022Q4,2022,Jutland,17113.0,6724,3.7,13051.493840750445,131.12
2023Q1,2023,Jutland,16494.8,8131,4.8,13051.493840750445,126.38
2023Q2,2023,Jutland,16715.0,9633,4.8,13051.493840750445,128.07
2023Q3,2023,Jutland,16761.2,7491,4.8,13051.493840750445,128.42
2023Q4,2023,Jutland,16772.0,8912,4.8,13051.493840750445,128.51
2024Q1,2024,Jutland,16726.4,8793,4.3,13051.493840750445,128.16
2024Q2,2024,Jutland,17247.4,10333,4.3,13051.493840750445,132.15
2024Q3,2024,Jutland,16353.5,7300,4.3,13051.493840750445,125.3
2024Q4,2024,Jutland,14355.5,440,,13051.493840750445,109.99
1992Q1,1992,Zealand,15921.2,1348,10.1,14027.845292802464,113.5
1992Q2,1992,Zealand,12887.7,1552,10.1,14027.845292802464,91.87
1992Q3,1992,Zealand,13462.7,1290,10.1,14027.845292802464,95.97
1992Q4,1992,Zealand,13839.7,1101,10.1,14027.845292802464,98.66
1993Q1,1993,Zealand,12154.7,1040,8.2,14027.845292802464,86.65
1993Q2,1993,Zealand,13374.3,1526,8.2,14027.845292802464,95.34
1993Q3,1993,Zealand,13252.0,1847,8.2,14027.845292802464,94.47
1993Q4,1993,Zealand,14593.0,1624,8.2,14027.845292802464,104.03
1994Q1,1994,Zealand,14615.8,1593,8.4,14027.845292802464,104.19
1994Q2,1994,Zealand,12949.9,1931,8.4,14027.845292802464,92.32
1994Q3,1994,Zealand,14163.0,1741,8.4,14027.845292802464,100.96
1994Q4,1994,Zealand,16636.3,1624,8.4,14027.845292802464,118.59
1995Q1,1995,Zealand,13433.7,1574,9.1,14027.845292802464,95.76
1995Q2,1995,Zealand,11380.0,2018,9.1,14027.845292802464,81.12
1995Q3,1995,Zealand,14052.4,1930,9.1,14027.845292802464,100.18
1995Q4,1995,Zealand,14256.2,1725,9.1,14027.845292802464,101.63
1996Q1,1996,Zealand,13104.9,1660,7.8,14027.845292802464,93.42
1996Q2,1996,Zealand,14212.3,2229,7.8,14027.845292802464,101.32
1996Q3,1996,Zealand,15165.9,2245,7.8,14027.845292802464,108.11
1996Q4,1996,Zealand,13861.2,1881,7.8,14027.845292802464,98.81
1997Q1,1997,Zealand,14722.1,1869,7.2,14027.845292802464,104.95
1997Q2,1997,Zealand,15316.3,2551,7.2,14027.845292802464,109.19
1997Q3,1997,Zealand,16211.3,2302,7.2,14027.845292802464,115.56
1997Q4,1997,Zealand,15836.6,2050,7.2,14027.845292802464,112.89
1998Q1,1998,Zealand,16972.9,2320,6.3,14027.845292802464,120.99
1998Q2,1998,Zealand,14755.4,2609,6.3,14027.845292802464,105.19
1998Q3,1998,Zealand,15489.7,2140,6.3,14027.845292802464,110.42
1998Q4,1998,Zealand,15745.6,1794,6.3,14027.845292802464,112.25
1999Q1,1999,Zealand,15655.8,1963,6.6,14027.845292802464,111.6
1999Q2,1999,Zealand,17990.9,2783,6.6,14027.845292802464,128.25
1999Q3,1999,Zealand,15867.1,2325,6.6,14027.845292802464,113.11
1999Q4,1999,Zealand,17769.6,2065,6.6,14027.845292802464,126.67
2000Q1,2000,Zealand,16612.2,2035,7.3,14027.845292802464,118.42
2000Q2,2000,Zealand,17498.5,2692,7.3,14027.845292802464,124.74
2000Q3,2000,Zealand,16951.2,2583,7.3,14027.845292802464,120.84
2000Q4,2000,Zealand,17797.8,2210,7.3,14027.845292802464,126.87
2001Q1,2001,Zealand,17811.5,2348,7.0,14027.845292802464,126.97
2001Q2,2001,Zealand,17774.4,2941,7.0,14027.845292802464,126.71
2001Q3,2001,Zealand,19195.9,2640,7.0,14027.845292802464,136.84
2001Q4,2001,Zealand,18370.8,2279,7.0,14027.845292802464,130.96
2002Q1,2002,Zealand,18151.3,2450,6.7,14027.845292802464,129.39
2002Q2,2002,Zealand,18805.4,3033,6.7,14027.845292802464,134.06
2002Q3,2002,Zealand,17344.1,2995,6.7,14027.845292802464,123.64
2002Q4,2002,Zealand,19058.9,2396,6.7,14027.845292802464,135.86
2003Q1,2003,Zealand,18644.4,2589,5.1,14027.845292802464,132.91
2003Q2,2003,Zealand,19637.2,3247,5.1,14027.845292802464,139.99
2003Q3,2003,Zealand,19893.1,3312,5.1,14027.845292802464,141.81
2003Q4,2003,Zealand,18521.9,2833,5.1,14027.845292802464,132.04
2004Q1,2004,Zealand,19345.7,3344,5.3,14027.845292802464,137.91
2004Q2,2004,Zealand,20156.1,3823,5.3,14027.845292802464,143.69
2004Q3,2004,Zealand,20621.6,2577,5.3,14027.845292802464,147.01
2004Q4,2004,Zealand,21387.0,3161,5.3,14027.845292802464,152.46
2005Q1,2005,Zealand,22588.6,3494,4.4,14027.845292802464,161.03
2005Q2,2005,Zealand,22729.0,4458,4.4,14027.845292802464,162.03
2005Q3,2005,Zealand,23642.0,3917,4.4,14027.845292802464,168.54
2005Q4,2005,Zealand,25495.7,3446,4.4,14027.845292802464,181.75
2006Q1,2006,Zealand,26053.0,3515,5.1,14027.845292802464,185.72
2006Q2,2006,Zealand,27193.4,3968,5.1,14027.845292802464,193.85
2006Q3,2006,Zealand,26955.4,3228,5.1,14027.845292802464,192.16
2006Q4,2006,Zealand,28253.1,2696,5.1,14027.845292802464,201.41
2007Q1,2007,Zealand,27273.9,2710,5.7,14027.845292802464,194.43
2007Q2,2007,Zealand,27658.0,3580,5.7,14027.845292802464,197.16
2007Q3,2007,Zealand,27298.7,3174,5.7,14027.845292802464,194.6
2007Q4,2007,Zealand,26911.9,2719,5.7,14027.845292802464,191.85
2008Q1,2008,Zealand,26109.4,2820,6.5,14027.845292802464,186.13
2008Q2,2008,Zealand,25855.8,3061,6.5,14027.845292802464,184.32
2008Q3,2008,Zealand,24447.3,2193,6.5,14027.845292802464,174.28
2008Q4,2008,Zealand,24040.9,1611,6.5,14027.845292802464,171.38
2009Q1,2009,Zealand,21951.7,1682,5.5,14027.845292802464,156.49
2009Q2,2009,Zealand,21680.5,2699,5.5,14027.845292802464,154.55
2009Q3,2009,Zealand,21666.9,2583,5.5,14027.845292802464,154.46
2009Q4,2009,Zealand,22188.9,2597,5.5,14027.845292802464,158.18
2010Q1,2010,Zealand,23122.5,2806,4.5,14027.845292802464,164.83
2010Q2,2010,Zealand,22573.6,3250,4.5,14027.845292802464,160.92
2010Q3,2010,Zealand,22618.5,3196,4.5,14027.845292802464,161.24
2010Q4,2010,Zealand,22413.4,2918,4.5,14027.845292802464,159.78
2011Q1,2011,Zealand,22197.7,2608,4.8,14027.845292802464,158.24
2011Q2,2011,Zealand,22437.5,2847,4.8,14027.845292802464,159.95
2011Q3,2011,Zealand,21815.8,2643,4.8,14027.845292802464,155.52
2011Q4,2011,Zealand,21386.4,2363,4.8,14027.845292802464,152.46
2012Q1,2012,Zealand,21957.2,2638,3.7,14027.845292802464,156.53
2012Q2,2012,Zealand,21510.6,3233,3.7,14027.845292802464,153.34
2012Q3,2012,Zealand,21260.4,3363,3.7,14027.845292802464,151.56
2012Q4,2012,Zealand,21688.7,3077,3.7,14027.845292802464,154.61
2013Q1,2013,Zealand,23125.6,2973,3.5,14027.845292802464,164.86
2013Q2,2013,Zealand,22132.5,3740,3.5,14027.845292802464,157.78
2013Q3,2013,Zealand,22249.7,3752,3.5,14027.845292802464,158.61
2013Q4,2013,Zealand,22723.5,3473,3.5,14027.845292802464,161.99
2014Q1,2014,Zealand,23665.6,3677,3.1,14027.845292802464,168.7
2014Q2,2014,Zealand,23331.5,4407,3.1,14027.845292802464,166.32
2014Q3,2014,Zealand,23141.4,4452,3.1,14027.845292802464,164.97
2014Q4,2014,Zealand,24043.2,4114,3.1,14027.845292802464,171.4
2015Q1,2015,Zealand,24839.0,4936,2.8,14027.845292802464,177.07
2015Q2,2015,Zealand,25154.6,6020,2.8,14027.845292802464,179.32
2015Q3,2015,Zealand,24299.8,5474,2.8,14027.845292802464,173.23
2015Q4,2015,Zealand,24392.7,4611,2.8,14027.845292802464,173.89
2016Q1,2016,Zealand,25489.1,4765,2.6,14027.845292802464,181.7
2016Q2,2016,Zealand,26429.1,6370,2.6,14027.845292802464,188.4
2016Q3,2016,Zealand,25377.0,5775,2.6,14027.845292802464,180.9
2016Q4,2016,Zealand,26006.6,3624,2.6,14027.845292802464,185.39
2017Q3,2017,Zealand,26769.7,6613,2.3,14027.845292802464,190.83
2017Q4,2017,Zealand,26636.3,6386,2.3,14027.845292802464,189.88
2018Q1,2018,Zealand,27579.4,6441,2.1,14027.845292802464,196.6
2018Q2,2018,Zealand,27425.9,7667,2.1,14027.845292802464,195.51
2018Q3,2018,Zealand,27312.0,7361,2.1,14027.845292802464,194.7
2018Q4,2018,Zealand,26812.1,6482,2.1,14027.845292802464,191.13
2019Q1,2019,Zealand,26842.4,6802,1.4,14027.845292802464,191.35
2019Q2,2019,Zealand,27371.2,8142,1.4,14027.845292802464,195.12
2019Q3,2019,Zealand,27769.3,8333,1.4,14027.845292802464,197.96
2019Q4,2019,Zealand,27973.5,7168,1.4,14027.845292802464,199.41
2020Q1,2020,Zealand,28360.0,7286,1.1,14027.845292802464,202.17
2020Q2,2020,Zealand,27472.5,10061,1.1,14027.845292802464,195.84
2020Q3,2020,Zealand,29078.7,10713,1.1,14027.845292802464,207.29
2020Q4,2020,Zealand,30969.9,10730,1.1,14027.845292802464,220.77
2021Q1,2021,Zealand,31350.3,12864,1.5,14027.845292802464,223.49
2021Q2,2021,Zealand,31503.4,12205,1.5,14027.845292802464,224.58
2021Q3,2021,Zealand,31297.2,9211,1.5,14027.845292802464,223.11
2021Q4,2021,Zealand,32821.9,8487,1.5,14027.845292802464,233.98
2022Q1,2022,Zealand,30909.5,8861,3.7,14027.845292802464,220.34
2022Q2,2022,Zealand,29755.7,7839,3.7,14027.845292802464,212.12
2022Q3,2022,Zealand,28674.7,6055,3.7,14027.845292802464,204.41
2022Q4,2022,Zealand,28179.8,4927,3.7,14027.845292802464,200.88
2023Q1,2023,Zealand,28716.3,6831,4.8,14027.845292802464,204.71
2023Q2,2023,Zealand,29210.7,8364,4.8,14027.845292802464,208.23
2023Q3,2023,Zealand,29701.3,6937,4.8,14027.845292802464,211.73
2023Q4,2023,Zealand,30553.7,8595,4.8,14027.845292802464,217.81
2024Q1,2024,Zealand,29284.2,7241,4.3,14027.845292802464,208.76
2024Q2,2024,Zealand,29667.9,8965,4.3,14027.845292802464,211.49
2024Q3,2024,Zealand,28586.7,6823,4.3,14027.845292802464,203.79
2024Q4,2024,Zealand,29498.4,411,,14027.845292802464,210.28
